component,top_terms
body_svd_0,"said, police, people, state, year, new, court, according, years, president"
body_svd_1,"ukraine, russia, russian, military, ukrainian, war, putin, forces, china, moscow"
body_svd_2,"russian, ukraine, russia, ukrainian, police, moscow, putin, forces, military, kyiv"
body_svd_3,"trump, court, judge, trial, attorney, prison, president, case, election, guilty"
body_svd_4,"china, chinese, beijing, taiwan, foreign, kong, global, hong, united, countries"
body_svd_5,"police, trump, israel, election, biden, county, president, gaza, republican, harris"
body_svd_6,"israel, gaza, israeli, hamas, palestinian, iran, british, minister, jewish, netanyahu"
body_svd_7,"trump, election, donald, presidential, president, biden, harris, republican, party, campaign"
body_svd_8,"police, russia, russian, china, ukraine, putin, arrested, chinese, party, moscow"
body_svd_9,"uk, minister, labour, said, mr, prime, british, sunak, britain, election"
body_svd_10,"china, chinese, taiwan, beijing, abortion, murder, xi, japan, woman, supreme"
body_svd_11,"abortion, possession, drug, county, drugs, vehicle, cocaine, roe, officers, fentanyl"
body_svd_12,"log, browser, abortion, subscribers, article, account, javascript, sexually, sexual, access"
body_svd_13,"prison, sentenced, years, covid, child, release, biden, drug, health, president"
body_svd_14,"biden, drug, department, border, security, afghanistan, administration, enforcement, taliban, federal"
body_svd_15,"israel, abortion, browser, israeli, murder, gaza, hamas, iran, javascript, ban"
body_svd_16,"county, covid, minister, log, sheriff, subscribers, don, shooting, vaccine, health"
body_svd_17,"sexual, child, assault, sexually, girl, children, abuse, sex, school, rape"
body_svd_18,"browser, javascript, sentenced, prison, settings, blockers, disable, ad, disabled, proceed"
body_svd_19,"browser, javascript, disable, blockers, settings, disabled, load, proceed, ad, enable"
body_svd_20,"covid, health, china, vaccine, browser, chinese, protesters, javascript, hospital, protests"
body_svd_21,"subscribers, log, police, trinity, account, article, available, audio, valid, player"
body_svd_22,"murder, shooting, death, shot, health, covid, died, vaccine, hospital, sep"
body_svd_23,"subscribers, workers, trinity, log, hospital, valid, player, available, ready, health"
body_svd_24,"county, sheriff, office, israeli, israel, news, jail, release, deputies, media"
body_svd_25,"idaho, kohberger, university, campus, goncalves, chapin, kernodle, mogen, students, kaylee"
body_svd_26,"covid, migrants, subscribers, border, trump, shooting, people, cases, murder, sheriff"
body_svd_27,"city, border, migrants, texas, according, immigration, murder, chinese, comment, degree"
body_svd_28,"drug, fentanyl, drugs, investigation, browser, abortion, death, mr, javascript, cocaine"
body_svd_29,"harris, vehicle, county, driving, traffic, sheriff, car, deputies, airport, driver"
